{
  "project_info": {
    "project_number": "383140917282",
    "project_id": "oversee-s-minegoat",
    "storage_bucket": "oversee-s-minegoat.appspot.com"
  },
  "client": [
    {
      "client_info": {
        "mobilesdk_app_id": "1:383140917282:android:ef3f8e0b26f626eceb5a7b",
        "android_client_info": {
          "package_name": "ru.minegoat.oversees"
        }
      },
      "oauth_client": [
        {
          "client_id": "383140917282-rii00d97o8uhq89pe3hjhntrkipmel68.apps.googleusercontent.com",
          "client_type": 3
        }
      ],
      "api_key": [
        {
          "current_key": "AIzaSyDe4CT8YVZ186go5jQ_pRwGiH3iB97Aa8Q"
        }
      ],
      "services": {
        "appinvite_service": {
          "other_platform_oauth_client": [
            {
              "client_id": "383140917282-rii00d97o8uhq89pe3hjhntrkipmel68.apps.googleusercontent.com",
              "client_type": 3
            }
          ]
        }
      }
    }
  ],
  "configuration_version": "1"
}