{
  "formatVersion": 1,
  "database": {
    "version": 1,
    "identityHash": "546724be53b3777ded4b167f72ffb7f4",
    "entities": [
      {
        "tableName": "chats",
        "createSql": "CREATE TABLE IF NOT EXISTS `${TABLE_NAME}` (`objID` TEXT NOT NULL, `name` TEXT NOT NULL, `owner_id` TEXT NOT NULL, `members_ids` TEXT NOT NULL, `linked_obj` TEXT NOT NULL, `messages_ids` TEXT NOT NULL, `icon_url` TEXT, PRIMARY KEY(`objID`))",
        "fields": [
          {
            "fieldPath": "objID",
            "columnName": "objID",
            "affinity": "TEXT",
            "notNull": true
          },
          {
            "fieldPath": "name",
            "columnName": "name",
            "affinity": "TEXT",
            "notNull": true
          },
          {
            "fieldPath": "ownerId",
            "columnName": "owner_id",
            "affinity": "TEXT",
            "notNull": true
          },
          {
            "fieldPath": "membersIds",
            "columnName": "members_ids",
            "affinity": "TEXT",
            "notNull": true
          },
          {
            "fieldPath": "linkedObj",
            "columnName": "linked_obj",
            "affinity": "TEXT",
            "notNull": true
          },
          {
            "fieldPath": "messagesIds",
            "columnName": "messages_ids",
            "affinity": "TEXT",
            "notNull": true
          },
          {
            "fieldPath": "iconUrl",
            "columnName": "icon_url",
            "affinity": "TEXT",
            "notNull": false
          }
        ],
        "primaryKey": {
          "columnNames": [
            "objID"
          ],
          "autoGenerate": false
        },
        "indices": [],
        "foreignKeys": []
      },
      {
        "tableName": "messages",
        "createSql": "CREATE TABLE IF NOT EXISTS `${TABLE_NAME}` (`objID` TEXT NOT NULL, `owner_id` TEXT NOT NULL, `owner_name` TEXT NOT NULL, `chat_id` TEXT NOT NULL, `text` TEXT NOT NULL, `dateTime` INTEGER NOT NULL, `content_url` TEXT, PRIMARY KEY(`objID`))",
        "fields": [
          {
            "fieldPath": "objID",
            "columnName": "objID",
            "affinity": "TEXT",
            "notNull": true
          },
          {
            "fieldPath": "ownerId",
            "columnName": "owner_id",
            "affinity": "TEXT",
            "notNull": true
          },
          {
            "fieldPath": "ownerName",
            "columnName": "owner_name",
            "affinity": "TEXT",
            "notNull": true
          },
          {
            "fieldPath": "chatId",
            "columnName": "chat_id",
            "affinity": "TEXT",
            "notNull": true
          },
          {
            "fieldPath": "text",
            "columnName": "text",
            "affinity": "TEXT",
            "notNull": true
          },
          {
            "fieldPath": "dateTime",
            "columnName": "dateTime",
            "affinity": "INTEGER",
            "notNull": true
          },
          {
            "fieldPath": "contentUrl",
            "columnName": "content_url",
            "affinity": "TEXT",
            "notNull": false
          }
        ],
        "primaryKey": {
          "columnNames": [
            "objID"
          ],
          "autoGenerate": false
        },
        "indices": [],
        "foreignKeys": []
      }
    ],
    "views": [],
    "setupQueries": [
      "CREATE TABLE IF NOT EXISTS room_master_table (id INTEGER PRIMARY KEY,identity_hash TEXT)",
      "INSERT OR REPLACE INTO room_master_table (id,identity_hash) VALUES(42, '546724be53b3777ded4b167f72ffb7f4')"
    ]
  }
}