{
  "formatVersion": 1,
  "database": {
    "version": 4,
    "identityHash": "88379b69222a8bc4f3dbe6e4b1b66a5d",
    "entities": [
      {
        "tableName": "chats",
        "createSql": "CREATE TABLE IF NOT EXISTS `${TABLE_NAME}` (`objID` TEXT NOT NULL, `name` TEXT NOT NULL, `owner_id` TEXT NOT NULL, `members_ids` TEXT NOT NULL, `linked_obj` TEXT NOT NULL, `messages_ids` TEXT NOT NULL, `icon_url` TEXT, PRIMARY KEY(`objID`))",
        "fields": [
          {
            "fieldPath": "objID",
            "columnName": "objID",
            "affinity": "TEXT",
            "notNull": true
          },
          {
            "fieldPath": "name",
            "columnName": "name",
            "affinity": "TEXT",
            "notNull": true
          },
          {
            "fieldPath": "ownerId",
            "columnName": "owner_id",
            "affinity": "TEXT",
            "notNull": true
          },
          {
            "fieldPath": "membersIds",
            "columnName": "members_ids",
            "affinity": "TEXT",
            "notNull": true
          },
          {
            "fieldPath": "linkedObj",
            "columnName": "linked_obj",
            "affinity": "TEXT",
            "notNull": true
          },
          {
            "fieldPath": "messagesIds",
            "columnName": "messages_ids",
            "affinity": "TEXT",
            "notNull": true
          },
          {
            "fieldPath": "iconUrl",
            "columnName": "icon_url",
            "affinity": "TEXT",
            "notNull": false
          }
        ],
        "primaryKey": {
          "columnNames": [
            "objID"
          ],
          "autoGenerate": false
        },
        "indices": [],
        "foreignKeys": []
      },
      {
        "tableName": "messages",
        "createSql": "CREATE TABLE IF NOT EXISTS `${TABLE_NAME}` (`objID` TEXT NOT NULL, `owner_id` TEXT NOT NULL, `owner_name` TEXT NOT NULL, `chat_id` TEXT NOT NULL, `text` TEXT NOT NULL, `dateTime` INTEGER NOT NULL, `content_url` TEXT, PRIMARY KEY(`objID`))",
        "fields": [
          {
            "fieldPath": "objID",
            "columnName": "objID",
            "affinity": "TEXT",
            "notNull": true
          },
          {
            "fieldPath": "ownerId",
            "columnName": "owner_id",
            "affinity": "TEXT",
            "notNull": true
          },
          {
            "fieldPath": "ownerName",
            "columnName": "owner_name",
            "affinity": "TEXT",
            "notNull": true
          },
          {
            "fieldPath": "chatId",
            "columnName": "chat_id",
            "affinity": "TEXT",
            "notNull": true
          },
          {
            "fieldPath": "text",
            "columnName": "text",
            "affinity": "TEXT",
            "notNull": true
          },
          {
            "fieldPath": "dateTime",
            "columnName": "dateTime",
            "affinity": "INTEGER",
            "notNull": true
          },
          {
            "fieldPath": "contentUrl",
            "columnName": "content_url",
            "affinity": "TEXT",
            "notNull": false
          }
        ],
        "primaryKey": {
          "columnNames": [
            "objID"
          ],
          "autoGenerate": false
        },
        "indices": [],
        "foreignKeys": []
      },
      {
        "tableName": "users",
        "createSql": "CREATE TABLE IF NOT EXISTS `${TABLE_NAME}` (`userId` TEXT NOT NULL, `name` TEXT, `soname` TEXT, `role` TEXT, `avatar` TEXT, `phone` TEXT, `description` TEXT, `isGuide` INTEGER, `isCustomer` INTEGER NOT NULL, `isMaster` INTEGER, `avatar_url` TEXT, `guid` TEXT, `home_location_id` TEXT, `sex` TEXT, `social_networks` TEXT, `skills_ids` TEXT, `user_rating` TEXT, `karma` TEXT, PRIMARY KEY(`userId`))",
        "fields": [
          {
            "fieldPath": "userId",
            "columnName": "userId",
            "affinity": "TEXT",
            "notNull": true
          },
          {
            "fieldPath": "name",
            "columnName": "name",
            "affinity": "TEXT",
            "notNull": false
          },
          {
            "fieldPath": "soname",
            "columnName": "soname",
            "affinity": "TEXT",
            "notNull": false
          },
          {
            "fieldPath": "role",
            "columnName": "role",
            "affinity": "TEXT",
            "notNull": false
          },
          {
            "fieldPath": "avatar",
            "columnName": "avatar",
            "affinity": "TEXT",
            "notNull": false
          },
          {
            "fieldPath": "phone",
            "columnName": "phone",
            "affinity": "TEXT",
            "notNull": false
          },
          {
            "fieldPath": "description",
            "columnName": "description",
            "affinity": "TEXT",
            "notNull": false
          },
          {
            "fieldPath": "isGuide",
            "columnName": "isGuide",
            "affinity": "INTEGER",
            "notNull": false
          },
          {
            "fieldPath": "isCustomer",
            "columnName": "isCustomer",
            "affinity": "INTEGER",
            "notNull": true
          },
          {
            "fieldPath": "isMaster",
            "columnName": "isMaster",
            "affinity": "INTEGER",
            "notNull": false
          },
          {
            "fieldPath": "avatarUrl",
            "columnName": "avatar_url",
            "affinity": "TEXT",
            "notNull": false
          },
          {
            "fieldPath": "guid",
            "columnName": "guid",
            "affinity": "TEXT",
            "notNull": false
          },
          {
            "fieldPath": "homeLocationId",
            "columnName": "home_location_id",
            "affinity": "TEXT",
            "notNull": false
          },
          {
            "fieldPath": "sex",
            "columnName": "sex",
            "affinity": "TEXT",
            "notNull": false
          },
          {
            "fieldPath": "socialNetworks",
            "columnName": "social_networks",
            "affinity": "TEXT",
            "notNull": false
          },
          {
            "fieldPath": "skills",
            "columnName": "skills_ids",
            "affinity": "TEXT",
            "notNull": false
          },
          {
            "fieldPath": "rating",
            "columnName": "user_rating",
            "affinity": "TEXT",
            "notNull": false
          },
          {
            "fieldPath": "karma",
            "columnName": "karma",
            "affinity": "TEXT",
            "notNull": false
          }
        ],
        "primaryKey": {
          "columnNames": [
            "userId"
          ],
          "autoGenerate": false
        },
        "indices": [],
        "foreignKeys": []
      }
    ],
    "views": [],
    "setupQueries": [
      "CREATE TABLE IF NOT EXISTS room_master_table (id INTEGER PRIMARY KEY,identity_hash TEXT)",
      "INSERT OR REPLACE INTO room_master_table (id,identity_hash) VALUES(42, '88379b69222a8bc4f3dbe6e4b1b66a5d')"
    ]
  }
}